Column1,Column2
"IMDb: Ratings, Reviews, and Where to Watch the Best Movies ...",https://www.imdb.com/
,https://www.britannica.com/topic/IMDb
,https://www.imdb.com/chart/top/
,https://www.pocket-lint.com/tv/news/amazon/146740-how-does-imdb-freedive-work-and-which-movies-does-it-offer
,https://www.wired.co.uk/article/which-film-ranking-site-should-i-trust-rotten-tomatoes-imdb-metacritic
IMDb - Wikipedia,https://en.wikipedia.org/wiki/IMDb
IMDb - YouTube,https://www.youtube.com/channel/UC_vz6SvmIkYs1_H3Wv2SKlg
IMDb - Home | Facebook,https://www.facebook.com/imdb/
IMDb (@imdb) • Instagram photos and videos,https://www.instagram.com/imdb/?hl=en
"IMDb: Your guide to movies, TV shows, celebrities - Apps on ...",https://play.google.com/store/apps/details?id=com.imdb.mobile&hl=en&gl=US
IMDb (@IMDb) | Twitter,https://twitter.com/imdb?lang=en
"IMDb | History, Features, & Facts | Britannica",https://www.britannica.com/topic/IMDb
‎IMDb: Movies & TV Shows on the App Store - App Store - Apple,https://apps.apple.com/us/app/imdb-movies-tv-shows/id342792525
IMDb | Amazon.jobs,https://www.amazon.jobs/en/teams/imdb
Vijay's 'Master' tops IMDb list of most popular Indian films in ...,https://www.thehindu.com/entertainment/movies/vijays-master-tops-imdb-list-of-most-popular-indian-films-in-2021/article34788500.ece
Vijay's 'Master' to Mohanlal's 'Drishyam 2': IMDb list of most ...,https://www.newindianexpress.com/galleries/entertainment/2021/jun/12/vijay-master-to-mohanlal-drishyam-2-imdb-list-of-most-popular-indian-films-in-2021-103156.html
IMDB - Crunchbase Company Profile & Funding,https://www.crunchbase.com/organization/imdb
Sushant Singh Rajput fans attack IMDb rating of 'Nyay: The ...,https://www.republicworld.com/entertainment-news/bollywood-news/sushant-singh-rajput-fans-attack-imdb-rating-of-nyay-the-justice-as-trailer-releases.html
Scam 1992 is highest rated Indian series among IMDb's top ...,https://indianexpress.com/article/entertainment/web-series/scam-1992-only-indian-series-in-imdb-top-250-shows-in-world-pratik-gandhi-7352887/
Vijay's Master to Priyanka Chopra's The White Tiger: IMDb's ...,https://www.pinkvilla.com/entertainment/vijays-master-priyanka-chopras-white-tiger-imdbs-most-popular-indian-films-web-shows-2021-773697
Amazon.com Help: What is IMDb TV?,https://www.amazon.com/gp/help/customer/display.html?nodeId=G8RFJ29923AUM6ZE
'Scam 1992' is top Indian series in IMDb list of highest-rated ...,https://www.greatandhra.com/movies/news/scam-1992-is-top-indian-series-in-imdb-list-113702
12 Of The Highest Rated Action Movies According To IMDb,https://www.scoopwhoop.com/entertainment/highest-rated-action-movies-according-to-imdb/
Suriya's Soorarai Pottru to Peranbu: IMDB's 8 highest-rated ...,https://www.timesnownews.com/entertainment-news/tamil/article/suriyas-soorarai-pottru-to-peranbu-imdbs-8-highest-rated-tamil-films-of/768801
Master Smashes IMDb Record; Thalapathy Vijay Beats The ...,https://www.india.com/entertainment/master-thalapathy-vijay-world-record-imdb-ratings-beats-the-white-tiger-priyanka-chopra-master-smashes-records-news-4732992/
Vakeel Saab beats Pink on IMDb - The Hans India,https://www.thehansindia.com/cinema/tollywood/vakeel-saab-beats-pink-on-imdb-690333
IMDb Salaries | Glassdoor,https://www.glassdoor.co.in/Salary/IMDb-Salaries-E1180317.htm
Actor Vijay Master Movie Tops IMDb List Of Popular Indian ...,https://tamil.abplive.com/entertainment/actor-vijay-master-movie-tops-imdb-list-of-popular-indian-movies-6023
Scam 1992 Only Indian Series Among IMDb's Top 250 Shows ...,https://www.news18.com/news/movies/scam-1992-only-indian-series-among-imdbs-top-250-shows-of-all-time-pratik-gandhi-reacts-3833354.html
2021 ஆம் ஆண்டின் இந்திய ...,https://tamil.asianetnews.com/gallery/cinema/2021-year-vijay-master-movie-top-list-in-imdb-qulbwa
"The 10 Best Paranoid Thriller Movies, Ranked By IMDb ...",https://screenrant.com/best-paranoid-thriller-movies-ranked-imdb/
IMDb-M Benchmark (Graph Classification) | Papers With Code,https://paperswithcode.com/sota/graph-classification-on-imdb-m
IMDB Rating Vakeel Saab: మోస్ట్ పాపులర్ ...,https://telugu.filmibeat.com/news/imdb-rated-pawan-kalyans-vakeel-saab-most-popular-tollywood-movie-of-2021-099772.html
imdb | LinkedIn,https://www.linkedin.com/company/imdbnadjamercedpionilla
80s Bollywood Movies With Highest Rating On IMDb - iDiva,https://www.idiva.com/entertainment/bollywood/80s-bollywood-movies-with-highest-rating-on-imdb/quiz/18020989
Top Indian series in IMDb list of highest-rated TV shows ...,https://www.sentinelassam.com/entertainment/top-indian-series-in-imdb-list-of-highest-rated-tv-shows-542539
Surveys and statistical programs - Longitudinal Immigration ...,https://www23.statcan.gc.ca/imdb/p2SV.pl?Function=getSurvey&SDDS=5057
'Scam 1992' is top Indian series in IMDb list of highest-rated ...,https://assamtribune.com/entertainment/scam-1992-is-top-indian-series-in-imdb-list-of-highest-rated-tv-shows-1104633
Scam 1992 achieves new feat by becoming the top Indian ...,https://www.bollywoodlife.com/web-series/entertainment-news-scam-1992-achieves-new-feat-by-becoming-the-top-indian-series-in-imdb-list-of-highest-rated-tv-shows-worldwide-1853209/
இந்தாண்டின் மிகவும் பிரபலமான ...,https://cineulagam.com/article/imdb-list-top-mov-mas-1623500615
'Scam 1992' is top Indian series in IMDb list of ... - Sify.com,https://www.sify.com/movies/scam-1992-is-top-indian-series-in-imdb-list-of-highest-rated-tv-shows-news-bollywood-vgmlP9gjgibie.html
6 shows on Zee5 with an IMDb rating of 9 & above that'll hold ...,https://www.gqindia.com/binge-watch/collection/highest-rated-shows-on-zee5-imdb-rating-9-and-above-hold-your-attention/
IMDb — Wikipedia Republished // WIKI 2,https://wiki2.org/en/IMDb
IMDB Rating Vakeel Saab: History as the Most Popular Movie ...,https://thepostreader.com/imdb-rating-vakeel-saab-history-as-the-most-popular-movie-pawan-kalyan-top-of-those-two/
IMDb - WikiVisually,https://wikivisually.com/wiki/IMDb
"Head of Technology (Software Development), IMDb Content ...",https://www.efinancialcareers.co.uk/jobs-UK-Bristol-Head_of_Technology_Software_Development_IMDb_Content.id11246933
Vijay's Tamil Movie Master Tops IMDb List Of Most ... - Sakshi,https://www.sakshi.com/telugu-news/movies/imdb-list-vijay-master-movie-becomes-most-popular-indian-films-2021-1371016
Cherish Imdb,http://uuid.studiolegalenazzaroli.it/cherish-imdb.html
Best dramas on IMDb TV | What to Watch,https://www.whattowatch.com/watching-guides/best-dramas-on-imdb-tv
